Joint1,Joint2,Joint3,Joint4,X,Y,Z,R
0,45,-9.9,-0.0518,299.9705,0,120.733,-0.0518
0,45,-9.8,-0.0518,300.0144,0,120.4802,-0.0518
0,45,-9.7,-0.0518,300.0578,0,120.2273,-0.0518
0,45,-9.6,-0.0518,300.1008,0,119.9744,-0.0518
0,45,-9.5,-0.0518,300.1434,0,119.7214,-0.0518
0,45,-9.4,-0.0518,300.1855,0,119.4683,-0.0518
0,45,-9.3,-0.0518,300.2272,0,119.2152,-0.0518
0,45,-9.2,-0.0518,300.2685,0,118.9619,-0.0518
0,45,-9.1,-0.0518,300.3092,0,118.7086,-0.0518
0,45,-9,-0.0518,300.3496,0,118.4553,-0.0518
0,45,-8.9,-0.0518,300.3895,0,118.2018,-0.0518
0,45,-8.8,-0.0518,300.429,0,117.9483,-0.0518
0,45,-8.7,-0.0518,300.468,0,117.6947,-0.0518
0,45,-8.6,-0.0518,300.5066,0,117.4411,-0.0518
0,45,-8.5,-0.0518,300.5447,0,117.1874,-0.0518
0,45,-8.4,-0.0518,300.5825,0,116.9336,-0.0518
0,45,-8.3,-0.0518,300.6197,0,116.6798,-0.0518
0,45,-8.2,-0.0518,300.6565,0,116.4259,-0.0518
0,45,-8.1,-0.0518,300.6929,0,116.1719,-0.0518
0,45,-8,-0.0518,300.7288,0,115.9179,-0.0518
0,45,-7.9,-0.0518,300.7643,0,115.6638,-0.0518
0,45,-7.8,-0.0518,300.7993,0,115.4096,-0.0518
0,45,-7.7,-0.0518,300.834,0,115.1554,-0.0518
0,45,-7.6,-0.0518,300.8681,0,114.9011,-0.0518
0,45,-7.5,-0.0518,300.9018,0,114.6468,-0.0518
0,45,-7.4,-0.0518,300.9351,0,114.3924,-0.0518
0,45,-7.3,-0.0518,300.9679,0,114.1379,-0.0518
0,45,-7.2,-0.0518,301.0003,0,113.8834,-0.0518
0,45,-7.1,-0.0518,301.0322,0,113.6288,-0.0518
0,45,-7,-0.0518,301.0637,0,113.3742,-0.0518
0,45,-6.9,-0.0518,301.0948,0,113.1195,-0.0518
0,45,-6.8,-0.0518,301.1253,0,112.8648,-0.0518
0,45,-6.7,-0.0518,301.1555,0,112.61,-0.0518
0,45,-6.6,-0.0518,301.1852,0,112.3552,-0.0518
0,45,-6.5,-0.0518,301.2145,0,112.1003,-0.0518
0,45,-6.4,-0.0518,301.2433,0,111.8453,-0.0518
0,45,-6.3,-0.0518,301.2717,0,111.5904,-0.0518
0,45,-6.2,-0.0518,301.2996,0,111.3353,-0.0518
0,45,-6.1,-0.0518,301.3271,0,111.0802,-0.0518
0,45,-6,-0.0518,301.3541,0,110.8251,-0.0518
0,45,-5.9,-0.0518,301.3807,0,110.5699,-0.0518
0,45,-5.8,-0.0518,301.4069,0,110.3147,-0.0518
0,45,-5.7,-0.0518,301.4326,0,110.0594,-0.0518
0,45,-5.6,-0.0518,301.4579,0,109.8041,-0.0518
0,45,-5.5,-0.0518,301.4827,0,109.5487,-0.0518
0,45,-5.4,-0.0518,301.507,0,109.2933,-0.0518
0,45,-5.3,-0.0518,301.5309,0,109.0379,-0.0518
0,45,-5.2,-0.0518,301.5544,0,108.7824,-0.0518
0,45,-5.1,-0.0518,301.5775,0,108.5269,-0.0518
0,45,-5,-0.0518,301.6,0,108.2713,-0.0518
0,45,-4.9,-0.0518,301.6222,0,108.0157,-0.0518
0,45,-4.8,-0.0518,301.6439,0,107.7601,-0.0518
0,45,-4.7,-0.0518,301.6651,0,107.5044,-0.0518
0,45,-4.6,-0.0518,301.6859,0,107.2487,-0.0518
0,45,-4.5,-0.0518,301.7063,0,106.9929,-0.0518
0,45,-4.4,-0.0518,301.7262,0,106.7371,-0.0518
0,45,-4.3,-0.0518,301.7456,0,106.4813,-0.0518
0,45,-4.2,-0.0518,301.7646,0,106.2254,-0.0518
0,45,-4.1,-0.0518,301.7832,0,105.9695,-0.0518
0,45,-4,-0.0518,301.8013,0,105.7136,-0.0518
0,45,-3.9,-0.0518,301.819,0,105.4577,-0.0518
0,45,-3.8,-0.0518,301.8362,0,105.2017,-0.0518
0,45,-3.7,-0.0518,301.853,0,104.9457,-0.0518
0,45,-3.6,-0.0518,301.8694,0,104.6896,-0.0518
0,45,-3.5,-0.0518,301.8852,0,104.4335,-0.0518
0,45,-3.4,-0.0518,301.9007,0,104.1775,-0.0518
0,45,-3.3,-0.0518,301.9156,0,103.9213,-0.0518
0,45,-3.2,-0.0518,301.9302,0,103.6652,-0.0518
0,45,-3.1,-0.0518,301.9443,0,103.409,-0.0518
0,45,-3,-0.0518,301.9579,0,103.1528,-0.0518
0,45,-2.9,-0.0518,301.9712,0,102.8966,-0.0518
0,45,-2.8,-0.0518,301.9839,0,102.6403,-0.0518
0,45,-2.7,-0.0518,301.9962,0,102.3841,-0.0518
0,45,-2.6,-0.0518,302.0081,0,102.1278,-0.0518
0,45,-2.5,-0.0518,302.0195,0,101.8715,-0.0518
0,45,-2.4,-0.0518,302.0305,0,101.6151,-0.0518
0,45,-2.3,-0.0518,302.041,0,101.3588,-0.0518
0,45,-2.2,-0.0518,302.0511,0,101.1024,-0.0518
0,45,-2.1,-0.0518,302.0607,0,100.846,-0.0518
0,45,-2,-0.0518,302.0699,0,100.5896,-0.0518
0,45,-1.9,-0.0518,302.0786,0,100.3332,-0.0518
0,45,-1.8,-0.0518,302.0869,0,100.0768,-0.0518
0,45,-1.7,-0.0518,302.0947,0,99.8204,-0.0518
0,45,-1.6,-0.0518,302.1021,0,99.5639,-0.0518
0,45,-1.5,-0.0518,302.109,0,99.3074,-0.0518
0,45,-1.4,-0.0518,302.1155,0,99.0509,-0.0518
0,45,-1.3,-0.0518,302.1216,0,98.7944,-0.0518
0,45,-1.2,-0.0518,302.1272,0,98.5379,-0.0518
0,45,-1.1,-0.0518,302.1323,0,98.2814,-0.0518
0,45,-1,-0.0518,302.137,0,98.0249,-0.0518
0,45,-0.9,-0.0518,302.1413,0,97.7684,-0.0518
0,45,-0.8,-0.0518,302.1451,0,97.5119,-0.0518
0,45,-0.7,-0.0518,302.1484,0,97.2553,-0.0518
0,45,-0.6,-0.0518,302.1514,0,96.9988,-0.0518
0,45,-0.5,-0.0518,302.1538,0,96.7422,-0.0518
0,45,-0.4,-0.0518,302.1558,0,96.4857,-0.0518
0,45,-0.3,-0.0518,302.1574,0,96.2291,-0.0518
0,45,-0.2,-0.0518,302.1585,0,95.9725,-0.0518
0,45,-0.1,-0.0518,302.1592,0,95.716,-0.0518
0,45,-1.88E-14,-0.0518,302.1594,0,95.4594,-0.0518
0,45,0.1,-0.0518,302.1592,0,95.2029,-0.0518
0,45,0.2,-0.0518,302.1585,0,94.9463,-0.0518
0,45,0.3,-0.0518,302.1574,0,94.6897,-0.0518
0,45,0.4,-0.0518,302.1558,0,94.4332,-0.0518
0,45,0.5,-0.0518,302.1538,0,94.1766,-0.0518
0,45,0.6,-0.0518,302.1514,0,93.9201,-0.0518
0,45,0.7,-0.0518,302.1484,0,93.6635,-0.0518
0,45,0.8,-0.0518,302.1451,0,93.407,-0.0518
0,45,0.9,-0.0518,302.1413,0,93.1504,-0.0518
0,45,1,-0.0518,302.137,0,92.8939,-0.0518
0,45,1.1,-0.0518,302.1323,0,92.6374,-0.0518
0,45,1.2,-0.0518,302.1272,0,92.3809,-0.0518
0,45,1.3,-0.0518,302.1216,0,92.1244,-0.0518
0,45,1.4,-0.0518,302.1155,0,91.8679,-0.0518
0,45,1.5,-0.0518,302.109,0,91.6114,-0.0518
0,45,1.6,-0.0518,302.1021,0,91.3549,-0.0518
0,45,1.7,-0.0518,302.0947,0,91.0985,-0.0518
0,45,1.8,-0.0518,302.0869,0,90.842,-0.0518
0,45,1.9,-0.0518,302.0786,0,90.5856,-0.0518
0,45,2,-0.0518,302.0699,0,90.3292,-0.0518
0,45,2.1,-0.0518,302.0607,0,90.0728,-0.0518
0,45,2.2,-0.0518,302.0511,0,89.8164,-0.0518
0,45,2.3,-0.0518,302.041,0,89.56,-0.0518
0,45,2.4,-0.0518,302.0305,0,89.3037,-0.0518
0,45,2.5,-0.0518,302.0195,0,89.0474,-0.0518
0,45,2.6,-0.0518,302.0081,0,88.7911,-0.0518
0,45,2.7,-0.0518,301.9962,0,88.5348,-0.0518
0,45,2.8,-0.0518,301.9839,0,88.2785,-0.0518
0,45,2.9,-0.0518,301.9712,0,88.0222,-0.0518
0,45,3,-0.0518,301.9579,0,87.766,-0.0518
0,45,3.1,-0.0518,301.9443,0,87.5098,-0.0518
0,45,3.2,-0.0518,301.9302,0,87.2536,-0.0518
0,45,3.3,-0.0518,301.9156,0,86.9975,-0.0518
0,45,3.4,-0.0518,301.9007,0,86.7414,-0.0518
0,45,3.5,-0.0518,301.8852,0,86.4853,-0.0518
0,45,3.6,-0.0518,301.8694,0,86.2292,-0.0518
0,45,3.7,-0.0518,301.853,0,85.9732,-0.0518
0,45,3.8,-0.0518,301.8362,0,85.7171,-0.0518
0,45,3.9,-0.0518,301.819,0,85.4612,-0.0518
0,45,4,-0.0518,301.8013,0,85.2052,-0.0518
0,45,4.1,-0.0518,301.7832,0,84.9493,-0.0518
0,45,4.2,-0.0518,301.7646,0,84.6934,-0.0518
0,45,4.3,-0.0518,301.7456,0,84.4375,-0.0518
0,45,4.4,-0.0518,301.7262,0,84.1817,-0.0518
0,45,4.5,-0.0518,301.7063,0,83.9259,-0.0518
0,45,4.6,-0.0518,301.6859,0,83.6702,-0.0518
0,45,4.7,-0.0518,301.6651,0,83.4145,-0.0518
0,45,4.8,-0.0518,301.6439,0,83.1588,-0.0518
0,45,4.9,-0.0518,301.6222,0,82.9031,-0.0518
0,45,5,-0.0518,301.6,0,82.6475,-0.0518
0,45,5.1,-0.0518,301.5775,0,82.392,-0.0518
0,45,5.2,-0.0518,301.5544,0,82.1364,-0.0518
0,45,5.3,-0.0518,301.5309,0,81.8809,-0.0518
0,45,5.4,-0.0518,301.507,0,81.6255,-0.0518
0,45,5.5,-0.0518,301.4827,0,81.3701,-0.0518
0,45,5.6,-0.0518,301.4579,0,81.1147,-0.0518
0,45,5.7,-0.0518,301.4326,0,80.8594,-0.0518
0,45,5.8,-0.0518,301.4069,0,80.6041,-0.0518
0,45,5.9,-0.0518,301.3807,0,80.3489,-0.0518
0,45,6,-0.0518,301.3541,0,80.0937,-0.0518
0,45,6.1,-0.0518,301.3271,0,79.8386,-0.0518
0,45,6.2,-0.0518,301.2996,0,79.5835,-0.0518
0,45,6.3,-0.0518,301.2717,0,79.3285,-0.0518
0,45,6.4,-0.0518,301.2433,0,79.0735,-0.0518
0,45,6.5,-0.0518,301.2145,0,78.8185,-0.0518
0,45,6.6,-0.0518,301.1852,0,78.5637,-0.0518
0,45,6.7,-0.0518,301.1555,0,78.3088,-0.0518
0,45,6.8,-0.0518,301.1253,0,78.054,-0.0518
0,45,6.9,-0.0518,301.0948,0,77.7993,-0.0518
0,45,7,-0.0518,301.0637,0,77.5446,-0.0518
0,45,7.1,-0.0518,301.0322,0,77.29,-0.0518
0,45,7.2,-0.0518,301.0003,0,77.0354,-0.0518
0,45,7.3,-0.0518,300.9679,0,76.7809,-0.0518
0,45,7.4,-0.0518,300.9351,0,76.5265,-0.0518
0,45,7.5,-0.0518,300.9018,0,76.2721,-0.0518
0,45,7.6,-0.0518,300.8681,0,76.0177,-0.0518
0,45,7.7,-0.0518,300.834,0,75.7634,-0.0518
0,45,7.8,-0.0518,300.7993,0,75.5092,-0.0518
0,45,7.9,-0.0518,300.7643,0,75.2551,-0.0518
0,45,8,-0.0518,300.7288,0,75.001,-0.0518
0,45,8.1,-0.0518,300.6929,0,74.7469,-0.0518
0,45,8.2,-0.0518,300.6565,0,74.493,-0.0518
0,45,8.3,-0.0518,300.6197,0,74.2391,-0.0518
0,45,8.4,-0.0518,300.5825,0,73.9852,-0.0518
0,45,8.5,-0.0518,300.5447,0,73.7314,-0.0518
0,45,8.6,-0.0518,300.5066,0,73.4777,-0.0518
0,45,8.7,-0.0518,300.468,0,73.2241,-0.0518
0,45,8.8,-0.0518,300.429,0,72.9705,-0.0518
0,45,8.9,-0.0518,300.3895,0,72.717,-0.0518
0,45,9,-0.0518,300.3496,0,72.4635,-0.0518
0,45,9.1,-0.0518,300.3092,0,72.2102,-0.0518
0,45,9.2,-0.0518,300.2685,0,71.9569,-0.0518
0,45,9.3,-0.0518,300.2272,0,71.7036,-0.0518
0,45,9.4,-0.0518,300.1855,0,71.4505,-0.0518
0,45,9.5,-0.0518,300.1434,0,71.1974,-0.0518
0,45,9.6,-0.0518,300.1008,0,70.9444,-0.0518
0,45,9.7,-0.0518,300.0578,0,70.6915,-0.0518
0,45,9.8,-0.0518,300.0144,0,70.4386,-0.0518
0,45,9.9,-0.0518,299.9705,0,70.1858,-0.0518
0,45,10,-0.0518,299.9261,0,69.9331,-0.0518
0,45,10.1,-0.0518,299.8814,0,69.6805,-0.0518
0,45,10.2,-0.0518,299.8362,0,69.428,-0.0518
0,45,10.3,-0.0518,299.7905,0,69.1755,-0.0518
0,45,10.4,-0.0518,299.7444,0,68.9231,-0.0518
0,45,10.5,-0.0518,299.6979,0,68.6708,-0.0518
0,45,10.6,-0.0518,299.6509,0,68.4186,-0.0518
0,45,10.7,-0.0518,299.6035,0,68.1664,-0.0518
0,45,10.8,-0.0518,299.5556,0,67.9144,-0.0518
0,45,10.9,-0.0518,299.5074,0,67.6624,-0.0518
0,45,11,-0.0518,299.4586,0,67.4105,-0.0518
0,45,11.1,-0.0518,299.4094,0,67.1587,-0.0518
0,45,11.2,-0.0518,299.3598,0,66.907,-0.0518
0,45,11.3,-0.0518,299.3098,0,66.6553,-0.0518
0,45,11.4,-0.0518,299.2593,0,66.4038,-0.0518
0,45,11.5,-0.0518,299.2083,0,66.1523,-0.0518
0,45,11.6,-0.0518,299.157,0,65.901,-0.0518
0,45,11.7,-0.0518,299.1052,0,65.6497,-0.0518
0,45,11.8,-0.0518,299.0529,0,65.3985,-0.0518
0,45,11.9,-0.0518,299.0002,0,65.1474,-0.0518
0,45,12,-0.0518,298.9471,0,64.8964,-0.0518
0,45,12.1,-0.0518,298.8936,0,64.6455,-0.0518
0,45,12.2,-0.0518,298.8396,0,64.3947,-0.0518
0,45,12.3,-0.0518,298.7851,0,64.1439,-0.0518
0,45,12.4,-0.0518,298.7303,0,63.8933,-0.0518
0,45,12.5,-0.0518,298.6749,0,63.6428,-0.0518
0,45,12.6,-0.0518,298.6192,0,63.3924,-0.0518
0,45,12.7,-0.0518,298.563,0,63.142,-0.0518
0,45,12.8,-0.0518,298.5064,0,62.8918,-0.0518
0,45,12.9,-0.0518,298.4493,0,62.6416,-0.0518
0,45,13,-0.0518,298.3918,0,62.3916,-0.0518
0,45,13.1,-0.0518,298.3339,0,62.1417,-0.0518
0,45,13.2,-0.0518,298.2755,0,61.8918,-0.0518
0,45,13.3,-0.0518,298.2167,0,61.6421,-0.0518
0,45,13.4,-0.0518,298.1575,0,61.3925,-0.0518
0,45,13.5,-0.0518,298.0978,0,61.1429,-0.0518
0,45,13.6,-0.0518,298.0377,0,60.8935,-0.0518
0,45,13.7,-0.0518,297.9771,0,60.6442,-0.0518
0,45,13.8,-0.0518,297.9162,0,60.395,-0.0518
0,45,13.9,-0.0518,297.8547,0,60.1459,-0.0518
0,45,14,-0.0518,297.7929,0,59.8969,-0.0518
0,45,14.1,-0.0518,297.7306,0,59.648,-0.0518
0,45,14.2,-0.0518,297.6679,0,59.3992,-0.0518
0,45,14.3,-0.0518,297.6047,0,59.1506,-0.0518
0,45,14.4,-0.0518,297.5411,0,58.902,-0.0518
0,45,14.5,-0.0518,297.4771,0,58.6535,-0.0518
0,45,14.6,-0.0518,297.4127,0,58.4052,-0.0518
0,45,14.7,-0.0518,297.3478,0,58.157,-0.0518
0,45,14.8,-0.0518,297.2825,0,57.9089,-0.0518
0,45,14.9,-0.0518,297.2167,0,57.6609,-0.0518
0,45,15,-0.0518,297.1505,0,57.413,-0.0518
0,45,15.1,-0.0518,297.0839,0,57.1652,-0.0518
0,45,15.2,-0.0518,297.0168,0,56.9176,-0.0518
0,45,15.3,-0.0518,296.9494,0,56.6701,-0.0518
0,45,15.4,-0.0518,296.8814,0,56.4227,-0.0518
0,45,15.5,-0.0518,296.8131,0,56.1754,-0.0518
0,45,15.6,-0.0518,296.7443,0,55.9282,-0.0518
0,45,15.7,-0.0518,296.6751,0,55.6811,-0.0518
0,45,15.8,-0.0518,296.6055,0,55.4342,-0.0518
0,45,15.9,-0.0518,296.5354,0,55.1874,-0.0518
0,45,16,-0.0518,296.4649,0,54.9407,-0.0518
0,45,16.1,-0.0518,296.394,0,54.6942,-0.0518
0,45,16.2,-0.0518,296.3226,0,54.4477,-0.0518
0,45,16.3,-0.0518,296.2508,0,54.2014,-0.0518
0,45,16.4,-0.0518,296.1786,0,53.9552,-0.0518
0,45,16.5,-0.0518,296.1059,0,53.7092,-0.0518
0,45,16.6,-0.0518,296.0328,0,53.4632,-0.0518
0,45,16.7,-0.0518,295.9593,0,53.2174,-0.0518
0,45,16.8,-0.0518,295.8854,0,52.9717,-0.0518
0,45,16.9,-0.0518,295.811,0,52.7262,-0.0518
0,45,17,-0.0518,295.7362,0,52.4808,-0.0518
0,45,17.1,-0.0518,295.661,0,52.2355,-0.0518
0,45,17.2,-0.0518,295.5853,0,51.9903,-0.0518
0,45,17.3,-0.0518,295.5092,0,51.7453,-0.0518
0,45,17.4,-0.0518,295.4327,0,51.5004,-0.0518
0,45,17.5,-0.0518,295.3558,0,51.2557,-0.0518
0,45,17.6,-0.0518,295.2784,0,51.011,-0.0518
0,45,17.7,-0.0518,295.2007,0,50.7665,-0.0518
0,45,17.8,-0.0518,295.1224,0,50.5222,-0.0518
0,45,17.9,-0.0518,295.0438,0,50.278,-0.0518
0,45,18,-0.0518,294.9647,0,50.0339,-0.0518
0,45,18.1,-0.0518,294.8852,0,49.79,-0.0518
0,45,18.2,-0.0518,294.8053,0,49.5462,-0.0518
0,45,18.3,-0.0518,294.725,0,49.3025,-0.0518
0,45,18.4,-0.0518,294.6442,0,49.059,-0.0518
0,45,18.5,-0.0518,294.563,0,48.8156,-0.0518
0,45,18.6,-0.0518,294.4814,0,48.5724,-0.0518
0,45,18.7,-0.0518,294.3993,0,48.3293,-0.0518
0,45,18.8,-0.0518,294.3169,0,48.0864,-0.0518
0,45,18.9,-0.0518,294.234,0,47.8436,-0.0518
0,45,19,-0.0518,294.1507,0,47.6009,-0.0518
0,45,19.1,-0.0518,294.0669,0,47.3584,-0.0518
0,45,19.2,-0.0518,293.9828,0,47.116,-0.0518
0,45,19.3,-0.0518,293.8982,0,46.8738,-0.0518
0,45,19.4,-0.0518,293.8131,0,46.6317,-0.0518
0,45,19.5,-0.0518,293.7277,0,46.3898,-0.0518
0,45,19.6,-0.0518,293.6419,0,46.148,-0.0518
0,45,19.7,-0.0518,293.5556,0,45.9064,-0.0518
0,45,19.8,-0.0518,293.4689,0,45.6649,-0.0518
0,45,19.9,-0.0518,293.3818,0,45.4236,-0.0518
0,45,20,-0.0518,293.2942,0,45.1824,-0.0518
0,45,20.1,-0.0518,293.2063,0,44.9414,-0.0518
0,45,20.2,-0.0518,293.1179,0,44.7006,-0.0518
0,45,20.3,-0.0518,293.0291,0,44.4599,-0.0518
0,45,20.4,-0.0518,292.9399,0,44.2193,-0.0518
0,45,20.5,-0.0518,292.8502,0,43.9789,-0.0518
0,45,20.6,-0.0518,292.7602,0,43.7387,-0.0518
0,45,20.7,-0.0518,292.6697,0,43.4986,-0.0518
0,45,20.8,-0.0518,292.5788,0,43.2587,-0.0518
0,45,20.9,-0.0518,292.4875,0,43.0189,-0.0518
0,45,21,-0.0518,292.3958,0,42.7793,-0.0518
0,45,21.1,-0.0518,292.3036,0,42.5399,-0.0518
0,45,21.2,-0.0518,292.211,0,42.3006,-0.0518
0,45,21.3,-0.0518,292.118,0,42.0615,-0.0518
0,45,21.4,-0.0518,292.0246,0,41.8225,-0.0518
0,45,21.5,-0.0518,291.9308,0,41.5837,-0.0518
0,45,21.6,-0.0518,291.8365,0,41.3451,-0.0518
0,45,21.7,-0.0518,291.7419,0,41.1066,-0.0518
0,45,21.8,-0.0518,291.6468,0,40.8683,-0.0518
0,45,21.9,-0.0518,291.5513,0,40.6302,-0.0518
0,45,22,-0.0518,291.4554,0,40.3922,-0.0518
0,45,22.1,-0.0518,291.3591,0,40.1544,-0.0518
0,45,22.2,-0.0518,291.2624,0,39.9168,-0.0518
0,45,22.3,-0.0518,291.1653,0,39.6794,-0.0518
0,45,22.4,-0.0518,291.0677,0,39.4421,-0.0518
0,45,22.5,-0.0518,290.9697,0,39.2049,-0.0518
0,45,22.6,-0.0518,290.8713,0,38.968,-0.0518
0,45,22.7,-0.0518,290.7725,0,38.7312,-0.0518
0,45,22.8,-0.0518,290.6733,0,38.4946,-0.0518
0,45,22.9,-0.0518,290.5737,0,38.2582,-0.0518
0,45,23,-0.0518,290.4736,0,38.0219,-0.0518
0,45,23.1,-0.0518,290.3732,0,37.7859,-0.0518
0,45,23.2,-0.0518,290.2723,0,37.5499,-0.0518
0,45,23.3,-0.0518,290.1711,0,37.3142,-0.0518
0,45,23.4,-0.0518,290.0693,0,37.0787,-0.0518
0,45,23.5,-0.0518,289.9673,0,36.8433,-0.0518
0,45,23.6,-0.0518,289.8647,0,36.6081,-0.0518
0,45,23.7,-0.0518,289.7618,0,36.3731,-0.0518
0,45,23.8,-0.0518,289.6585,0,36.1382,-0.0518
0,45,23.9,-0.0518,289.5547,0,35.9036,-0.0518
0,45,24,-0.0518,289.4506,0,35.6691,-0.0518
0,45,24.1,-0.0518,289.346,0,35.4348,-0.0518
0,45,24.2,-0.0518,289.2411,0,35.2007,-0.0518
0,45,24.3,-0.0518,289.1357,0,34.9668,-0.0518
0,45,24.4,-0.0518,289.0299,0,34.7331,-0.0518
0,45,24.5,-0.0518,288.9237,0,34.4995,-0.0518
0,45,24.6,-0.0518,288.8171,0,34.2661,-0.0518
0,45,24.7,-0.0518,288.7101,0,34.0329,-0.0518
0,45,24.8,-0.0518,288.6027,0,33.8,-0.0518
0,45,24.9,-0.0518,288.4949,0,33.5671,-0.0518
0,45,25,-0.0518,288.3867,0,33.3345,-0.0518
0,45,25.1,-0.0518,288.278,0,33.1021,-0.0518
0,45,25.2,-0.0518,288.169,0,32.8699,-0.0518
0,45,25.3,-0.0518,288.0595,0,32.6378,-0.0518
0,45,25.4,-0.0518,287.9497,0,32.4059,-0.0518
0,45,25.5,-0.0518,287.8394,0,32.1743,-0.0518
0,45,25.6,-0.0518,287.7288,0,31.9428,-0.0518
0,45,25.7,-0.0518,287.6177,0,31.7115,-0.0518
0,45,25.8,-0.0518,287.5063,0,31.4804,-0.0518
0,45,25.9,-0.0518,287.3944,0,31.2495,-0.0518
0,45,26,-0.0518,287.2821,0,31.0188,-0.0518
0,45,26.1,-0.0518,287.1695,0,30.7884,-0.0518
0,45,26.2,-0.0518,287.0564,0,30.558,-0.0518
0,45,26.3,-0.0518,286.9429,0,30.3279,-0.0518
0,45,26.4,-0.0518,286.829,0,30.098,-0.0518
0,45,26.5,-0.0518,286.7148,0,29.8683,-0.0518
0,45,26.6,-0.0518,286.6001,0,29.6388,-0.0518
0,45,26.7,-0.0518,286.485,0,29.4095,-0.0518
0,45,26.8,-0.0518,286.3695,0,29.1804,-0.0518
0,45,26.9,-0.0518,286.2536,0,28.9515,-0.0518
0,45,27,-0.0518,286.1374,0,28.7228,-0.0518
0,45,27.1,-0.0518,286.0207,0,28.4943,-0.0518
0,45,27.2,-0.0518,285.9036,0,28.266,-0.0518
0,45,27.3,-0.0518,285.7861,0,28.0379,-0.0518
0,45,27.4,-0.0518,285.6683,0,27.81,-0.0518
0,45,27.5,-0.0518,285.55,0,27.5824,-0.0518
0,45,27.6,-0.0518,285.4313,0,27.3549,-0.0518
0,45,27.7,-0.0518,285.3123,0,27.1276,-0.0518
0,45,27.8,-0.0518,285.1928,0,26.9006,-0.0518
0,45,27.9,-0.0518,285.073,0,26.6737,-0.0518
0,45,28,-0.0518,284.9527,0,26.4471,-0.0518
0,45,28.1,-0.0518,284.8321,0,26.2207,-0.0518
0,45,28.2,-0.0518,284.711,0,25.9944,-0.0518
0,45,28.3,-0.0518,284.5896,0,25.7684,-0.0518
0,45,28.4,-0.0518,284.4677,0,25.5427,-0.0518
0,45,28.5,-0.0518,284.3455,0,25.3171,-0.0518
0,45,28.6,-0.0518,284.2229,0,25.0917,-0.0518
0,45,28.7,-0.0518,284.0999,0,24.8666,-0.0518
0,45,28.8,-0.0518,283.9765,0,24.6416,-0.0518
0,45,28.9,-0.0518,283.8527,0,24.4169,-0.0518
0,45,29,-0.0518,283.7285,0,24.1924,-0.0518
0,45,29.1,-0.0518,283.6039,0,23.9681,-0.0518
0,45,29.2,-0.0518,283.479,0,23.744,-0.0518
0,45,29.3,-0.0518,283.3536,0,23.5202,-0.0518
0,45,29.4,-0.0518,283.2278,0,23.2966,-0.0518
0,45,29.5,-0.0518,283.1017,0,23.0732,-0.0518
0,45,29.6,-0.0518,282.9752,0,22.85,-0.0518
0,45,29.7,-0.0518,282.8482,0,22.627,-0.0518
0,45,29.8,-0.0518,282.7209,0,22.4042,-0.0518
0,45,29.9,-0.0518,282.5932,0,22.1817,-0.0518
0,45,30,-0.0518,282.4651,0,21.9594,-0.0518
0,45,30.1,-0.0518,282.3367,0,21.7373,-0.0518
0,45,30.2,-0.0518,282.2078,0,21.5155,-0.0518
0,45,30.3,-0.0518,282.0786,0,21.2939,-0.0518
0,45,30.4,-0.0518,281.9489,0,21.0724,-0.0518
0,45,30.5,-0.0518,281.8189,0,20.8513,-0.0518
0,45,30.6,-0.0518,281.6885,0,20.6303,-0.0518
0,45,30.7,-0.0518,281.5577,0,20.4096,-0.0518
0,45,30.8,-0.0518,281.4265,0,20.1891,-0.0518
0,45,30.9,-0.0518,281.295,0,19.9688,-0.0518
0,45,31,-0.0518,281.163,0,19.7488,-0.0518
0,45,31.1,-0.0518,281.0307,0,19.529,-0.0518
0,45,31.2,-0.0518,280.8979,0,19.3094,-0.0518
0,45,31.3,-0.0518,280.7649,0,19.0901,-0.0518
0,45,31.4,-0.0518,280.6314,0,18.871,-0.0518
0,45,31.5,-0.0518,280.4975,0,18.6521,-0.0518
0,45,31.6,-0.0518,280.3633,0,18.4335,-0.0518
0,45,31.7,-0.0518,280.2286,0,18.2151,-0.0518
0,45,31.8,-0.0518,280.0936,0,17.9969,-0.0518
0,45,31.9,-0.0518,279.9583,0,17.779,-0.0518
0,45,32,-0.0518,279.8225,0,17.5613,-0.0518
0,45,32.1,-0.0518,279.6863,0,17.3438,-0.0518
0,45,32.2,-0.0518,279.5498,0,17.1266,-0.0518
0,45,32.3,-0.0518,279.4129,0,16.9096,-0.0518
0,45,32.4,-0.0518,279.2756,0,16.6929,-0.0518
0,45,32.5,-0.0518,279.1379,0,16.4764,-0.0518
0,45,32.6,-0.0518,278.9999,0,16.2601,-0.0518
0,45,32.7,-0.0518,278.8615,0,16.0441,-0.0518
0,45,32.8,-0.0518,278.7227,0,15.8283,-0.0518
0,45,32.9,-0.0518,278.5835,0,15.6128,-0.0518
0,45,33,-0.0518,278.444,0,15.3975,-0.0518
0,45,33.1,-0.0518,278.3041,0,15.1824,-0.0518
0,45,33.2,-0.0518,278.1638,0,14.9676,-0.0518
0,45,33.3,-0.0518,278.0231,0,14.7531,-0.0518
0,45,33.4,-0.0518,277.882,0,14.5387,-0.0518
0,45,33.5,-0.0518,277.7406,0,14.3247,-0.0518
0,45,33.6,-0.0518,277.5988,0,14.1109,-0.0518
0,45,33.7,-0.0518,277.4567,0,13.8973,-0.0518
0,45,33.8,-0.0518,277.3141,0,13.684,-0.0518
0,45,33.9,-0.0518,277.1712,0,13.4709,-0.0518
0,45,34,-0.0518,277.0279,0,13.258,-0.0518
0,45,34.1,-0.0518,276.8843,0,13.0455,-0.0518
0,45,34.2,-0.0518,276.7403,0,12.8332,-0.0518
0,45,34.3,-0.0518,276.5959,0,12.6211,-0.0518
0,45,34.4,-0.0518,276.4511,0,12.4093,-0.0518
0,45,34.5,-0.0518,276.306,0,12.1977,-0.0518
0,45,34.6,-0.0518,276.1605,0,11.9864,-0.0518
0,45,34.7,-0.0518,276.0146,0,11.7753,-0.0518
0,45,34.8,-0.0518,275.8683,0,11.5645,-0.0518
0,45,34.9,-0.0518,275.7217,0,11.354,-0.0518
0,45,35,-0.0518,275.5748,0,11.1437,-0.0518
0,45,35.1,-0.0518,275.4274,0,10.9336,-0.0518
0,45,35.2,-0.0518,275.2797,0,10.7239,-0.0518
0,45,35.3,-0.0518,275.1316,0,10.5143,-0.0518
0,45,35.4,-0.0518,274.9832,0,10.3051,-0.0518
0,45,35.5,-0.0518,274.8344,0,10.0961,-0.0518
0,45,35.6,-0.0518,274.6852,0,9.8873,-0.0518
0,45,35.7,-0.0518,274.5357,0,9.6789,-0.0518
0,45,35.8,-0.0518,274.3858,0,9.4706,-0.0518
0,45,35.9,-0.0518,274.2355,0,9.2627,-0.0518
0,45,36,-0.0518,274.0849,0,9.055,-0.0518
0,45,36.1,-0.0518,273.9339,0,8.8475,-0.0518
0,45,36.2,-0.0518,273.7826,0,8.6404,-0.0518
0,45,36.3,-0.0518,273.6309,0,8.4335,-0.0518
0,45,36.4,-0.0518,273.4788,0,8.2268,-0.0518
0,45,36.5,-0.0518,273.3264,0,8.0205,-0.0518
0,45,36.6,-0.0518,273.1736,0,7.8144,-0.0518
0,45,36.7,-0.0518,273.0204,0,7.6085,-0.0518
0,45,36.8,-0.0518,272.8669,0,7.4029,-0.0518
0,45,36.9,-0.0518,272.713,0,7.1976,-0.0518
0,45,37,-0.0518,272.5588,0,6.9926,-0.0518
0,45,37.1,-0.0518,272.4043,0,6.7878,-0.0518
0,45,37.2,-0.0518,272.2493,0,6.5833,-0.0518
0,45,37.3,-0.0518,272.094,0,6.3791,-0.0518
0,45,37.4,-0.0518,271.9384,0,6.1752,-0.0518
0,45,37.5,-0.0518,271.7823,0,5.9715,-0.0518
0,45,37.6,-0.0518,271.626,0,5.7681,-0.0518
0,45,37.7,-0.0518,271.4693,0,5.5649,-0.0518
0,45,37.8,-0.0518,271.3122,0,5.3621,-0.0518
0,45,37.9,-0.0518,271.1548,0,5.1595,-0.0518
0,45,38,-0.0518,270.997,0,4.9572,-0.0518
0,45,38.1,-0.0518,270.8389,0,4.7551,-0.0518
0,45,38.2,-0.0518,270.6804,0,4.5534,-0.0518
0,45,38.3,-0.0518,270.5215,0,4.3519,-0.0518
0,45,38.4,-0.0518,270.3623,0,4.1507,-0.0518
0,45,38.5,-0.0518,270.2028,0,3.9498,-0.0518
0,45,38.6,-0.0518,270.0429,0,3.7491,-0.0518
0,45,38.7,-0.0518,269.8827,0,3.5487,-0.0518
0,45,38.8,-0.0518,269.7221,0,3.3487,-0.0518
0,45,38.9,-0.0518,269.5612,0,3.1488,-0.0518
0,45,39,-0.0518,269.3999,0,2.9493,-0.0518
0,45,39.1,-0.0518,269.2383,0,2.7501,-0.0518
0,45,39.2,-0.0518,269.0763,0,2.5511,-0.0518
0,45,39.3,-0.0518,268.9139,0,2.3524,-0.0518
0,45,39.4,-0.0518,268.7513,0,2.154,-0.0518
0,45,39.5,-0.0518,268.5882,0,1.9559,-0.0518
0,45,39.6,-0.0518,268.4249,0,1.7581,-0.0518
0,45,39.7,-0.0518,268.2611,0,1.5605,-0.0518
0,45,39.8,-0.0518,268.0971,0,1.3633,-0.0518
0,45,39.9,-0.0518,267.9327,0,1.1663,-0.0518
0,45,40,-0.0518,267.7679,0,0.9696,-0.0518
0,45,40.1,-0.0518,267.6029,0,0.7732,-0.0518
0,45,40.2,-0.0518,267.4374,0,0.5771,-0.0518
0,45,40.3,-0.0518,267.2717,0,0.3813,-0.0518
0,45,40.4,-0.0518,267.1056,0,0.1858,-0.0518
0,45,40.5,-0.0518,266.9391,0,-0.0095,-0.0518
0,45,40.6,-0.0518,266.7723,0,-0.2044,-0.0518
0,45,40.7,-0.0518,266.6052,0,-0.3991,-0.0518
0,45,40.8,-0.0518,266.4377,0,-0.5934,-0.0518
0,45,40.9,-0.0518,266.2699,0,-0.7875,-0.0518
0,45,41,-0.0518,266.1017,0,-0.9813,-0.0518
0,45,41.1,-0.0518,265.9332,0,-1.1748,-0.0518
0,45,41.2,-0.0518,265.7644,0,-1.3679,-0.0518
0,45,41.3,-0.0518,265.5952,0,-1.5608,-0.0518
0,45,41.4,-0.0518,265.4258,0,-1.7534,-0.0518
0,45,41.5,-0.0518,265.2559,0,-1.9457,-0.0518
0,45,41.6,-0.0518,265.0857,0,-2.1377,-0.0518
0,45,41.7,-0.0518,264.9152,0,-2.3295,-0.0518
0,45,41.8,-0.0518,264.7444,0,-2.5209,-0.0518
0,45,41.9,-0.0518,264.5732,0,-2.712,-0.0518
0,45,42,-0.0518,264.4017,0,-2.9028,-0.0518
0,45,42.1,-0.0518,264.2299,0,-3.0933,-0.0518
0,45,42.2,-0.0518,264.0577,0,-3.2835,-0.0518
0,45,42.3,-0.0518,263.8852,0,-3.4734,-0.0518
0,45,42.4,-0.0518,263.7123,0,-3.663,-0.0518
0,45,42.5,-0.0518,263.5392,0,-3.8523,-0.0518
0,45,42.6,-0.0518,263.3657,0,-4.0414,-0.0518
0,45,42.7,-0.0518,263.1919,0,-4.2301,-0.0518
0,45,42.8,-0.0518,263.0177,0,-4.4185,-0.0518
0,45,42.9,-0.0518,262.8432,0,-4.6066,-0.0518
0,45,43,-0.0518,262.6684,0,-4.7943,-0.0518
0,45,43.1,-0.0518,262.4933,0,-4.9818,-0.0518
0,45,43.2,-0.0518,262.3178,0,-5.169,-0.0518
0,45,43.3,-0.0518,262.142,0,-5.3559,-0.0518
0,45,43.4,-0.0518,261.9659,0,-5.5425,-0.0518
0,45,43.5,-0.0518,261.7894,0,-5.7287,-0.0518
0,45,43.6,-0.0518,261.6127,0,-5.9147,-0.0518
0,45,43.7,-0.0518,261.4356,0,-6.1003,-0.0518
0,45,43.8,-0.0518,261.2582,0,-6.2856,-0.0518
0,45,43.9,-0.0518,261.0804,0,-6.4707,-0.0518
0,45,44,-0.0518,260.9024,0,-6.6554,-0.0518
0,45,44.1,-0.0518,260.724,0,-6.8398,-0.0518
0,45,44.2,-0.0518,260.5453,0,-7.0239,-0.0518
0,45,44.3,-0.0518,260.3662,0,-7.2076,-0.0518
0,45,44.4,-0.0518,260.1869,0,-7.3911,-0.0518
0,45,44.5,-0.0518,260.0072,0,-7.5742,-0.0518
0,45,44.6,-0.0518,259.8272,0,-7.7571,-0.0518
0,45,44.7,-0.0518,259.6469,0,-7.9396,-0.0518
0,45,44.8,-0.0518,259.4663,0,-8.1218,-0.0518
0,45,44.9,-0.0518,259.2854,0,-8.3037,-0.0518
0,45,45,-0.0518,259.1041,0,-8.4853,-0.0518
0,45,45.1,-0.0518,258.9225,0,-8.6665,-0.0518
0,45,45.2,-0.0518,258.7406,0,-8.8475,-0.0518
0,45,45.3,-0.0518,258.5584,0,-9.0281,-0.0518
0,45,45.4,-0.0518,258.3759,0,-9.2084,-0.0518
0,45,45.5,-0.0518,258.1931,0,-9.3884,-0.0518
0,45,45.6,-0.0518,258.0099,0,-9.5681,-0.0518
0,45,45.7,-0.0518,257.8264,0,-9.7474,-0.0518
0,45,45.8,-0.0518,257.6427,0,-9.9264,-0.0518
0,45,45.9,-0.0518,257.4586,0,-10.1052,-0.0518
0,45,46,-0.0518,257.2742,0,-10.2835,-0.0518
0,45,46.1,-0.0518,257.0895,0,-10.4616,-0.0518
0,45,46.2,-0.0518,256.9044,0,-10.6394,-0.0518
0,45,46.3,-0.0518,256.7191,0,-10.8168,-0.0518
0,45,46.4,-0.0518,256.5335,0,-10.9939,-0.0518
0,45,46.5,-0.0518,256.3475,0,-11.1706,-0.0518
0,45,46.6,-0.0518,256.1613,0,-11.3471,-0.0518
0,45,46.7,-0.0518,255.9747,0,-11.5232,-0.0518
0,45,46.8,-0.0518,255.7878,0,-11.699,-0.0518
0,45,46.9,-0.0518,255.6006,0,-11.8745,-0.0518
0,45,47,-0.0518,255.4132,0,-12.0496,-0.0518
0,45,47.1,-0.0518,255.2254,0,-12.2244,-0.0518
0,45,47.2,-0.0518,255.0373,0,-12.3989,-0.0518
0,45,47.3,-0.0518,254.8489,0,-12.573,-0.0518
0,45,47.4,-0.0518,254.6602,0,-12.7469,-0.0518
0,45,47.5,-0.0518,254.4711,0,-12.9204,-0.0518
0,45,47.6,-0.0518,254.2818,0,-13.0935,-0.0518
0,45,47.7,-0.0518,254.0922,0,-13.2664,-0.0518
0,45,47.8,-0.0518,253.9023,0,-13.4389,-0.0518
0,45,47.9,-0.0518,253.7121,0,-13.611,-0.0518
0,45,48,-0.0518,253.5216,0,-13.7829,-0.0518
0,45,48.1,-0.0518,253.3308,0,-13.9544,-0.0518
0,45,48.2,-0.0518,253.1397,0,-14.1256,-0.0518
0,45,48.3,-0.0518,252.9483,0,-14.2964,-0.0518
0,45,48.4,-0.0518,252.7565,0,-14.4669,-0.0518
0,45,48.5,-0.0518,252.5646,0,-14.6371,-0.0518
0,45,48.6,-0.0518,252.3722,0,-14.8069,-0.0518
0,45,48.7,-0.0518,252.1796,0,-14.9764,-0.0518
0,45,48.8,-0.0518,251.9867,0,-15.1456,-0.0518
0,45,48.9,-0.0518,251.7936,0,-15.3144,-0.0518
0,45,49,-0.0518,251.6001,0,-15.4829,-0.0518
0,45,49.1,-0.0518,251.4063,0,-15.6511,-0.0518
0,45,49.2,-0.0518,251.2122,0,-15.8189,-0.0518
0,45,49.3,-0.0518,251.0179,0,-15.9863,-0.0518
0,45,49.4,-0.0518,250.8232,0,-16.1535,-0.0518
0,45,49.5,-0.0518,250.6283,0,-16.3203,-0.0518
0,45,49.6,-0.0518,250.433,0,-16.4867,-0.0518
0,45,49.7,-0.0518,250.2375,0,-16.6528,-0.0518
0,45,49.8,-0.0518,250.0417,0,-16.8186,-0.0518
0,45,49.9,-0.0518,249.8456,0,-16.984,-0.0518
0,45,50,-0.0518,249.6492,0,-17.1491,-0.0518
0,45,50.1,-0.0518,249.4525,0,-17.3139,-0.0518
0,45,50.2,-0.0518,249.2555,0,-17.4783,-0.0518
0,45,50.3,-0.0518,249.0583,0,-17.6423,-0.0518
0,45,50.4,-0.0518,248.8607,0,-17.806,-0.0518
0,45,50.5,-0.0518,248.6629,0,-17.9694,-0.0518
0,45,50.6,-0.0518,248.4648,0,-18.1324,-0.0518
0,45,50.7,-0.0518,248.2664,0,-18.2951,-0.0518
0,45,50.8,-0.0518,248.0677,0,-18.4574,-0.0518
0,45,50.9,-0.0518,247.8687,0,-18.6194,-0.0518
0,45,51,-0.0518,247.6695,0,-18.781,-0.0518
0,45,51.1,-0.0518,247.47,0,-18.9423,-0.0518
0,45,51.2,-0.0518,247.2702,0,-19.1033,-0.0518
0,45,51.3,-0.0518,247.0701,0,-19.2639,-0.0518
0,45,51.4,-0.0518,246.8697,0,-19.4241,-0.0518
0,45,51.5,-0.0518,246.6691,0,-19.584,-0.0518
0,45,51.6,-0.0518,246.4681,0,-19.7435,-0.0518
0,45,51.7,-0.0518,246.2669,0,-19.9027,-0.0518
0,45,51.8,-0.0518,246.0654,0,-20.0616,-0.0518
0,45,51.9,-0.0518,245.8637,0,-20.22,-0.0518
0,45,52,-0.0518,245.6616,0,-20.3782,-0.0518
0,45,52.1,-0.0518,245.4593,0,-20.536,-0.0518
0,45,52.2,-0.0518,245.2567,0,-20.6934,-0.0518
0,45,52.3,-0.0518,245.0539,0,-20.8504,-0.0518
0,45,52.4,-0.0518,244.8507,0,-21.0072,-0.0518
0,45,52.5,-0.0518,244.6473,0,-21.1635,-0.0518
0,45,52.6,-0.0518,244.4436,0,-21.3195,-0.0518
0,45,52.7,-0.0518,244.2397,0,-21.4752,-0.0518
0,45,52.8,-0.0518,244.0355,0,-21.6305,-0.0518
0,45,52.9,-0.0518,243.831,0,-21.7854,-0.0518
0,45,53,-0.0518,243.6262,0,-21.94,-0.0518
0,45,53.1,-0.0518,243.4212,0,-22.0942,-0.0518
0,45,53.2,-0.0518,243.2159,0,-22.2481,-0.0518
0,45,53.3,-0.0518,243.0103,0,-22.4016,-0.0518
0,45,53.4,-0.0518,242.8044,0,-22.5548,-0.0518
0,45,53.5,-0.0518,242.5983,0,-22.7075,-0.0518
0,45,53.6,-0.0518,242.392,0,-22.86,-0.0518
0,45,53.7,-0.0518,242.1853,0,-23.0121,-0.0518
0,45,53.8,-0.0518,241.9784,0,-23.1638,-0.0518
0,45,53.9,-0.0518,241.7713,0,-23.3151,-0.0518
0,45,54,-0.0518,241.5638,0,-23.4661,-0.0518
0,45,54.1,-0.0518,241.3561,0,-23.6167,-0.0518
0,45,54.2,-0.0518,241.1482,0,-23.767,-0.0518
0,45,54.3,-0.0518,240.94,0,-23.9169,-0.0518
0,45,54.4,-0.0518,240.7315,0,-24.0664,-0.0518
0,45,54.5,-0.0518,240.5227,0,-24.2156,-0.0518
0,45,54.6,-0.0518,240.3137,0,-24.3644,-0.0518
0,45,54.7,-0.0518,240.1045,0,-24.5128,-0.0518
0,45,54.8,-0.0518,239.895,0,-24.6609,-0.0518
0,45,54.9,-0.0518,239.6852,0,-24.8086,-0.0518
0,45,55,-0.0518,239.4751,0,-24.9559,-0.0518
0,45,55.1,-0.0518,239.2648,0,-25.1029,-0.0518
0,45,55.2,-0.0518,239.0543,0,-25.2495,-0.0518
0,45,55.3,-0.0518,238.8435,0,-25.3958,-0.0518
0,45,55.4,-0.0518,238.6324,0,-25.5416,-0.0518
0,45,55.5,-0.0518,238.4211,0,-25.6871,-0.0518
0,45,55.6,-0.0518,238.2095,0,-25.8323,-0.0518
0,45,55.7,-0.0518,237.9977,0,-25.977,-0.0518
0,45,55.8,-0.0518,237.7856,0,-26.1214,-0.0518
0,45,55.9,-0.0518,237.5733,0,-26.2655,-0.0518
0,45,56,-0.0518,237.3607,0,-26.4091,-0.0518
0,45,56.1,-0.0518,237.1479,0,-26.5524,-0.0518
0,45,56.2,-0.0518,236.9349,0,-26.6953,-0.0518
0,45,56.3,-0.0518,236.7215,0,-26.8378,-0.0518
0,45,56.4,-0.0518,236.5079,0,-26.98,-0.0518
0,45,56.5,-0.0518,236.2941,0,-27.1218,-0.0518
0,45,56.6,-0.0518,236.0801,0,-27.2632,-0.0518
0,45,56.7,-0.0518,235.8658,0,-27.4043,-0.0518
0,45,56.8,-0.0518,235.6512,0,-27.5449,-0.0518
0,45,56.9,-0.0518,235.4364,0,-27.6852,-0.0518
0,45,57,-0.0518,235.2213,0,-27.8252,-0.0518
0,45,57.1,-0.0518,235.006,0,-27.9647,-0.0518
0,45,57.2,-0.0518,234.7905,0,-28.1039,-0.0518
0,45,57.3,-0.0518,234.5747,0,-28.2427,-0.0518
0,45,57.4,-0.0518,234.3587,0,-28.3811,-0.0518
0,45,57.5,-0.0518,234.1424,0,-28.5191,-0.0518
0,45,57.6,-0.0518,233.9259,0,-28.6568,-0.0518
0,45,57.7,-0.0518,233.7092,0,-28.7941,-0.0518
0,45,57.8,-0.0518,233.4922,0,-28.931,-0.0518
0,45,57.9,-0.0518,233.275,0,-29.0675,-0.0518
0,45,58,-0.0518,233.0575,0,-29.2037,-0.0518
0,45,58.1,-0.0518,232.8398,0,-29.3394,-0.0518
0,45,58.2,-0.0518,232.6219,0,-29.4748,-0.0518
0,45,58.3,-0.0518,232.4037,0,-29.6098,-0.0518
0,45,58.4,-0.0518,232.1853,0,-29.7444,-0.0518
0,45,58.5,-0.0518,231.9667,0,-29.8787,-0.0518
0,45,58.6,-0.0518,231.7478,0,-30.0125,-0.0518
0,45,58.7,-0.0518,231.5287,0,-30.146,-0.0518
0,45,58.8,-0.0518,231.3094,0,-30.2791,-0.0518
0,45,58.9,-0.0518,231.0898,0,-30.4118,-0.0518
0,45,59,-0.0518,230.87,0,-30.5442,-0.0518
0,45,59.1,-0.0518,230.65,0,-30.6761,-0.0518
0,45,59.2,-0.0518,230.4297,0,-30.8077,-0.0518
0,45,59.3,-0.0518,230.2092,0,-30.9389,-0.0518
0,45,59.4,-0.0518,229.9885,0,-31.0697,-0.0518
0,45,59.5,-0.0518,229.7675,0,-31.2001,-0.0518
0,45,59.6,-0.0518,229.5464,0,-31.3301,-0.0518
0,45,59.7,-0.0518,229.3249,0,-31.4597,-0.0518
0,45,59.8,-0.0518,229.1033,0,-31.589,-0.0518
0,45,59.9,-0.0518,228.8815,0,-31.7179,-0.0518
0,45,60,-0.0518,228.6594,0,-31.8463,-0.0518
0,45,60.1,-0.0518,228.4371,0,-31.9744,-0.0518
0,45,60.2,-0.0518,228.2146,0,-32.1021,-0.0518
0,45,60.3,-0.0518,227.9918,0,-32.2294,-0.0518
0,45,60.4,-0.0518,227.7689,0,-32.3563,-0.0518
0,45,60.5,-0.0518,227.5457,0,-32.4829,-0.0518
0,45,60.6,-0.0518,227.3223,0,-32.609,-0.0518
0,45,60.7,-0.0518,227.0986,0,-32.7348,-0.0518
0,45,60.8,-0.0518,226.8748,0,-32.8601,-0.0518
0,45,60.9,-0.0518,226.6507,0,-32.9851,-0.0518
0,45,61,-0.0518,226.4264,0,-33.1097,-0.0518
0,45,61.1,-0.0518,226.2019,0,-33.2339,-0.0518
0,45,61.2,-0.0518,225.9772,0,-33.3577,-0.0518
0,45,61.3,-0.0518,225.7523,0,-33.4811,-0.0518
0,45,61.4,-0.0518,225.5271,0,-33.6041,-0.0518
0,45,61.5,-0.0518,225.3017,0,-33.7267,-0.0518
0,45,61.6,-0.0518,225.0762,0,-33.8489,-0.0518
0,45,61.7,-0.0518,224.8504,0,-33.9707,-0.0518
0,45,61.8,-0.0518,224.6244,0,-34.0922,-0.0518
0,45,61.9,-0.0518,224.3981,0,-34.2132,-0.0518
0,45,62,-0.0518,224.1717,0,-34.3339,-0.0518
0,45,62.1,-0.0518,223.9451,0,-34.4541,-0.0518
0,45,62.2,-0.0518,223.7182,0,-34.574,-0.0518
0,45,62.3,-0.0518,223.4912,0,-34.6935,-0.0518
0,45,62.4,-0.0518,223.2639,0,-34.8125,-0.0518
0,45,62.5,-0.0518,223.0365,0,-34.9312,-0.0518
0,45,62.6,-0.0518,222.8088,0,-35.0494,-0.0518
0,45,62.7,-0.0518,222.5809,0,-35.1673,-0.0518
0,45,62.8,-0.0518,222.3528,0,-35.2848,-0.0518
0,45,62.9,-0.0518,222.1245,0,-35.4019,-0.0518
0,45,63,-0.0518,221.896,0,-35.5185,-0.0518
0,45,63.1,-0.0518,221.6673,0,-35.6348,-0.0518
0,45,63.2,-0.0518,221.4384,0,-35.7507,-0.0518
0,45,63.3,-0.0518,221.2093,0,-35.8662,-0.0518
0,45,63.4,-0.0518,220.98,0,-35.9812,-0.0518
0,45,63.5,-0.0518,220.7505,0,-36.0959,-0.0518
0,45,63.6,-0.0518,220.5208,0,-36.2102,-0.0518
0,45,63.7,-0.0518,220.2908,0,-36.3241,-0.0518
0,45,63.8,-0.0518,220.0607,0,-36.4376,-0.0518
0,45,63.9,-0.0518,219.8304,0,-36.5506,-0.0518
0,45,64,-0.0518,219.5999,0,-36.6633,-0.0518
0,45,64.1,-0.0518,219.3693,0,-36.7756,-0.0518
0,45,64.2,-0.0518,219.1384,0,-36.8874,-0.0518
0,45,64.3,-0.0518,218.9073,0,-36.9989,-0.0518
0,45,64.4,-0.0518,218.676,0,-37.11,-0.0518
0,45,64.5,-0.0518,218.4445,0,-37.2206,-0.0518
0,45,64.6,-0.0518,218.2129,0,-37.3309,-0.0518
0,45,64.7,-0.0518,217.981,0,-37.4407,-0.0518
0,45,64.8,-0.0518,217.7489,0,-37.5502,-0.0518
0,45,64.9,-0.0518,217.5167,0,-37.6592,-0.0518
0,45,65,-0.0518,217.2843,0,-37.7678,-0.0518
0,45,65.1,-0.0518,217.0517,0,-37.8761,-0.0518
0,45,65.2,-0.0518,216.8189,0,-37.9839,-0.0518
0,45,65.3,-0.0518,216.5859,0,-38.0913,-0.0518
0,45,65.4,-0.0518,216.3527,0,-38.1983,-0.0518
0,45,65.5,-0.0518,216.1193,0,-38.3049,-0.0518
0,45,65.6,-0.0518,215.8858,0,-38.4111,-0.0518
0,45,65.7,-0.0518,215.652,0,-38.5169,-0.0518
0,45,65.8,-0.0518,215.4181,0,-38.6223,-0.0518
0,45,65.9,-0.0518,215.184,0,-38.7272,-0.0518
0,45,66,-0.0518,214.9497,0,-38.8318,-0.0518
0,45,66.1,-0.0518,214.7152,0,-38.9359,-0.0518
0,45,66.2,-0.0518,214.4806,0,-39.0397,-0.0518
0,45,66.3,-0.0518,214.2457,0,-39.143,-0.0518
0,45,66.4,-0.0518,214.0107,0,-39.2459,-0.0518
0,45,66.5,-0.0518,213.7755,0,-39.3484,-0.0518
0,45,66.6,-0.0518,213.5401,0,-39.4505,-0.0518
0,45,66.7,-0.0518,213.3046,0,-39.5522,-0.0518
0,45,66.8,-0.0518,213.0689,0,-39.6535,-0.0518
0,45,66.9,-0.0518,212.8329,0,-39.7543,-0.0518
0,45,67,-0.0518,212.5969,0,-39.8548,-0.0518
0,45,67.1,-0.0518,212.3606,0,-39.9548,-0.0518
0,45,67.2,-0.0518,212.1242,0,-40.0545,-0.0518
0,45,67.3,-0.0518,211.8876,0,-40.1537,-0.0518
0,45,67.4,-0.0518,211.6508,0,-40.2525,-0.0518
0,45,67.5,-0.0518,211.4139,0,-40.3509,-0.0518
0,45,67.6,-0.0518,211.1767,0,-40.4489,-0.0518
0,45,67.7,-0.0518,210.9395,0,-40.5464,-0.0518
0,45,67.8,-0.0518,210.702,0,-40.6436,-0.0518
0,45,67.9,-0.0518,210.4644,0,-40.7403,-0.0518
0,45,68,-0.0518,210.2266,0,-40.8366,-0.0518
0,45,68.1,-0.0518,209.9886,0,-40.9325,-0.0518
0,45,68.2,-0.0518,209.7505,0,-41.028,-0.0518
0,45,68.3,-0.0518,209.5122,0,-41.1231,-0.0518
0,45,68.4,-0.0518,209.2737,0,-41.2177,-0.0518
0,45,68.5,-0.0518,209.0351,0,-41.312,-0.0518
0,45,68.6,-0.0518,208.7963,0,-41.4058,-0.0518
0,45,68.7,-0.0518,208.5573,0,-41.4992,-0.0518
0,45,68.8,-0.0518,208.3182,0,-41.5922,-0.0518
0,45,68.9,-0.0518,208.0789,0,-41.6848,-0.0518
0,45,69,-0.0518,207.8395,0,-41.7769,-0.0518
0,45,69.1,-0.0518,207.5999,0,-41.8686,-0.0518
0,45,69.2,-0.0518,207.3601,0,-41.96,-0.0518
0,45,69.3,-0.0518,207.1202,0,-42.0509,-0.0518
0,45,69.4,-0.0518,206.8801,0,-42.1413,-0.0518
0,45,69.5,-0.0518,206.6399,0,-42.2314,-0.0518
0,45,69.6,-0.0518,206.3995,0,-42.321,-0.0518
0,45,69.7,-0.0518,206.159,0,-42.4103,-0.0518
0,45,69.8,-0.0518,205.9182,0,-42.4991,-0.0518
0,45,69.9,-0.0518,205.6774,0,-42.5874,-0.0518
0,45,70,-0.0518,205.4364,0,-42.6754,-0.0518
0,45,70.1,-0.0518,205.1952,0,-42.7629,-0.0518
0,45,70.2,-0.0518,204.9539,0,-42.8501,-0.0518
0,45,70.3,-0.0518,204.7124,0,-42.9368,-0.0518
0,45,70.4,-0.0518,204.4708,0,-43.023,-0.0518
0,45,70.5,-0.0518,204.229,0,-43.1089,-0.0518
0,45,70.6,-0.0518,203.9871,0,-43.1943,-0.0518
0,45,70.7,-0.0518,203.745,0,-43.2793,-0.0518
0,45,70.8,-0.0518,203.5028,0,-43.3639,-0.0518
0,45,70.9,-0.0518,203.2604,0,-43.4481,-0.0518
0,45,71,-0.0518,203.0179,0,-43.5318,-0.0518
0,45,71.1,-0.0518,202.7753,0,-43.6151,-0.0518
0,45,71.2,-0.0518,202.5325,0,-43.698,-0.0518
0,45,71.3,-0.0518,202.2895,0,-43.7805,-0.0518
0,45,71.4,-0.0518,202.0464,0,-43.8625,-0.0518
0,45,71.5,-0.0518,201.8032,0,-43.9442,-0.0518
0,45,71.6,-0.0518,201.5598,0,-44.0254,-0.0518
0,45,71.7,-0.0518,201.3163,0,-44.1061,-0.0518
0,45,71.8,-0.0518,201.0726,0,-44.1865,-0.0518
0,45,71.9,-0.0518,200.8288,0,-44.2664,-0.0518
0,45,72,-0.0518,200.5849,0,-44.3459,-0.0518
0,45,72.1,-0.0518,200.3408,0,-44.425,-0.0518
0,45,72.2,-0.0518,200.0966,0,-44.5036,-0.0518
0,45,72.3,-0.0518,199.8522,0,-44.5818,-0.0518
0,45,72.4,-0.0518,199.6078,0,-44.6596,-0.0518
0,45,72.5,-0.0518,199.3631,0,-44.737,-0.0518
0,45,72.6,-0.0518,199.1184,0,-44.8139,-0.0518
0,45,72.7,-0.0518,198.8735,0,-44.8904,-0.0518
0,45,72.8,-0.0518,198.6285,0,-44.9665,-0.0518
0,45,72.9,-0.0518,198.3833,0,-45.0422,-0.0518
0,45,73,-0.0518,198.138,0,-45.1174,-0.0518
0,45,73.1,-0.0518,197.8926,0,-45.1922,-0.0518
0,45,73.2,-0.0518,197.6471,0,-45.2666,-0.0518
0,45,73.3,-0.0518,197.4014,0,-45.3405,-0.0518
0,45,73.4,-0.0518,197.1556,0,-45.414,-0.0518
0,45,73.5,-0.0518,196.9097,0,-45.4871,-0.0518
0,45,73.6,-0.0518,196.6636,0,-45.5597,-0.0518
0,45,73.7,-0.0518,196.4174,0,-45.632,-0.0518
0,45,73.8,-0.0518,196.1711,0,-45.7038,-0.0518
0,45,73.9,-0.0518,195.9247,0,-45.7751,-0.0518
0,45,74,-0.0518,195.6781,0,-45.8461,-0.0518
0,45,74.1,-0.0518,195.4314,0,-45.9166,-0.0518
0,45,74.2,-0.0518,195.1846,0,-45.9866,-0.0518
0,45,74.3,-0.0518,194.9377,0,-46.0563,-0.0518
0,45,74.4,-0.0518,194.6906,0,-46.1255,-0.0518
0,45,74.5,-0.0518,194.4434,0,-46.1943,-0.0518
0,45,74.6,-0.0518,194.1962,0,-46.2626,-0.0518
0,45,74.7,-0.0518,193.9487,0,-46.3305,-0.0518
0,45,74.8,-0.0518,193.7012,0,-46.398,-0.0518
0,45,74.9,-0.0518,193.4536,0,-46.4651,-0.0518
0,45,75,-0.0518,193.2058,0,-46.5317,-0.0518
0,45,75.1,-0.0518,192.9579,0,-46.5979,-0.0518
0,45,75.2,-0.0518,192.7099,0,-46.6636,-0.0518
0,45,75.3,-0.0518,192.4618,0,-46.729,-0.0518
0,45,75.4,-0.0518,192.2136,0,-46.7938,-0.0518
0,45,75.5,-0.0518,191.9653,0,-46.8583,-0.0518
0,45,75.6,-0.0518,191.7168,0,-46.9223,-0.0518
0,45,75.7,-0.0518,191.4683,0,-46.9859,-0.0518
0,45,75.8,-0.0518,191.2196,0,-47.0491,-0.0518
0,45,75.9,-0.0518,190.9708,0,-47.1118,-0.0518
0,45,76,-0.0518,190.7219,0,-47.1741,-0.0518
0,45,76.1,-0.0518,190.4729,0,-47.2359,-0.0518
0,45,76.2,-0.0518,190.2238,0,-47.2973,-0.0518
0,45,76.3,-0.0518,189.9746,0,-47.3583,-0.0518
0,45,76.4,-0.0518,189.7253,0,-47.4189,-0.0518
0,45,76.5,-0.0518,189.4759,0,-47.479,-0.0518
0,45,76.6,-0.0518,189.2263,0,-47.5387,-0.0518
0,45,76.7,-0.0518,188.9767,0,-47.5979,-0.0518
0,45,76.8,-0.0518,188.727,0,-47.6567,-0.0518
0,45,76.9,-0.0518,188.4771,0,-47.7151,-0.0518
0,45,77,-0.0518,188.2272,0,-47.773,-0.0518
0,45,77.1,-0.0518,187.9772,0,-47.8305,-0.0518
0,45,77.2,-0.0518,187.727,0,-47.8875,-0.0518
0,45,77.3,-0.0518,187.4768,0,-47.9442,-0.0518
0,45,77.4,-0.0518,187.2265,0,-48.0004,-0.0518
0,45,77.5,-0.0518,186.976,0,-48.0561,-0.0518
0,45,77.6,-0.0518,186.7255,0,-48.1114,-0.0518
0,45,77.7,-0.0518,186.4749,0,-48.1663,-0.0518
0,45,77.8,-0.0518,186.2241,0,-48.2207,-0.0518
0,45,77.9,-0.0518,185.9733,0,-48.2747,-0.0518
0,45,78,-0.0518,185.7224,0,-48.3283,-0.0518
0,45,78.1,-0.0518,185.4714,0,-48.3814,-0.0518
0,45,78.2,-0.0518,185.2203,0,-48.4341,-0.0518
0,45,78.3,-0.0518,184.9691,0,-48.4863,-0.0518
0,45,78.4,-0.0518,184.7178,0,-48.5381,-0.0518
0,45,78.5,-0.0518,184.4665,0,-48.5895,-0.0518
0,45,78.6,-0.0518,184.215,0,-48.6405,-0.0518
0,45,78.7,-0.0518,183.9635,0,-48.6909,-0.0518
0,45,78.8,-0.0518,183.7119,0,-48.741,-0.0518
0,45,78.9,-0.0518,183.4601,0,-48.7906,-0.0518
0,45,79,-0.0518,183.2083,0,-48.8398,-0.0518
0,45,79.1,-0.0518,182.9564,0,-48.8885,-0.0518
0,45,79.2,-0.0518,182.7044,0,-48.9368,-0.0518
0,45,79.3,-0.0518,182.4524,0,-48.9847,-0.0518
0,45,79.4,-0.0518,182.2002,0,-49.0321,-0.0518
0,45,79.5,-0.0518,181.948,0,-49.0791,-0.0518
0,45,79.6,-0.0518,181.6957,0,-49.1256,-0.0518
0,45,79.7,-0.0518,181.4433,0,-49.1717,-0.0518
0,45,79.8,-0.0518,181.1908,0,-49.2173,-0.0518
0,45,79.9,-0.0518,180.9383,0,-49.2626,-0.0518
0,45,80,-0.0518,180.6857,0,-49.3073,-0.0518
0,45,80.1,-0.0518,180.433,0,-49.3517,-0.0518
0,45,80.2,-0.0518,180.1802,0,-49.3956,-0.0518
0,45,80.3,-0.0518,179.9273,0,-49.439,-0.0518
0,45,80.4,-0.0518,179.6744,0,-49.482,-0.0518
0,45,80.5,-0.0518,179.4214,0,-49.5246,-0.0518
0,45,80.6,-0.0518,179.1683,0,-49.5667,-0.0518
0,45,80.7,-0.0518,178.9152,0,-49.6084,-0.0518
0,45,80.8,-0.0518,178.6619,0,-49.6496,-0.0518
0,45,80.9,-0.0518,178.4086,0,-49.6904,-0.0518
0,45,81,-0.0518,178.1553,0,-49.7308,-0.0518
0,45,81.1,-0.0518,177.9018,0,-49.7707,-0.0518
0,45,81.2,-0.0518,177.6483,0,-49.8102,-0.0518
0,45,81.3,-0.0518,177.3947,0,-49.8492,-0.0518
0,45,81.4,-0.0518,177.1411,0,-49.8878,-0.0518
0,45,81.5,-0.0518,176.8874,0,-49.9259,-0.0518
0,45,81.6,-0.0518,176.6336,0,-49.9636,-0.0518
0,45,81.7,-0.0518,176.3798,0,-50.0009,-0.0518
0,45,81.8,-0.0518,176.1258,0,-50.0377,-0.0518
0,45,81.9,-0.0518,175.8719,0,-50.0741,-0.0518
0,45,82,-0.0518,175.6178,0,-50.11,-0.0518
0,45,82.1,-0.0518,175.3638,0,-50.1455,-0.0518
0,45,82.2,-0.0518,175.1096,0,-50.1805,-0.0518
0,45,82.3,-0.0518,174.8553,0,-50.2151,-0.0518
0,45,82.4,-0.0518,174.6011,0,-50.2493,-0.0518
0,45,82.5,-0.0518,174.3467,0,-50.283,-0.0518
0,45,82.6,-0.0518,174.0923,0,-50.3163,-0.0518
0,45,82.7,-0.0518,173.8379,0,-50.3491,-0.0518
0,45,82.8,-0.0518,173.5834,0,-50.3815,-0.0518
0,45,82.9,-0.0518,173.3288,0,-50.4134,-0.0518
0,45,83,-0.0518,173.0742,0,-50.4449,-0.0518
0,45,83.1,-0.0518,172.8195,0,-50.4759,-0.0518
0,45,83.2,-0.0518,172.5648,0,-50.5065,-0.0518
0,45,83.3,-0.0518,172.31,0,-50.5367,-0.0518
0,45,83.4,-0.0518,172.0552,0,-50.5664,-0.0518
0,45,83.5,-0.0518,171.8003,0,-50.5957,-0.0518
0,45,83.6,-0.0518,171.5453,0,-50.6245,-0.0518
0,45,83.7,-0.0518,171.2903,0,-50.6528,-0.0518
0,45,83.8,-0.0518,171.0353,0,-50.6808,-0.0518
0,45,83.9,-0.0518,170.7802,0,-50.7083,-0.0518
0,45,84,-0.0518,170.5251,0,-50.7353,-0.0518
0,45,84.1,-0.0518,170.2699,0,-50.7619,-0.0518
0,45,84.2,-0.0518,170.0147,0,-50.7881,-0.0518
0,45,84.3,-0.0518,169.7594,0,-50.8138,-0.0518
0,45,84.4,-0.0518,169.5041,0,-50.839,-0.0518
0,45,84.5,-0.0518,169.2487,0,-50.8638,-0.0518
0,45,84.6,-0.0518,168.9933,0,-50.8882,-0.0518
0,45,84.7,-0.0518,168.7379,0,-50.9121,-0.0518
0,45,84.8,-0.0518,168.4824,0,-50.9356,-0.0518
0,45,84.9,-0.0518,168.2269,0,-50.9586,-0.0518
0,45,85,-0.0518,167.9713,0,-50.9812,-0.0518
0,45,85.1,-0.0518,167.7157,0,-51.0033,-0.0518
0,45,85.2,-0.0518,167.4601,0,-51.025,-0.0518
0,45,85.3,-0.0518,167.2043,0,-51.0463,-0.0518
0,45,85.4,-0.0518,166.9487,0,-51.0671,-0.0518
0,45,85.5,-0.0518,166.6929,0,-51.0874,-0.0518
0,45,85.6,-0.0518,166.4371,0,-51.1073,-0.0518
0,45,85.7,-0.0518,166.1813,0,-51.1268,-0.0518
0,45,85.8,-0.0518,165.9254,0,-51.1458,-0.0518
0,45,85.9,-0.0518,165.6695,0,-51.1644,-0.0518
0,45,86,-0.0518,165.4136,0,-51.1825,-0.0518
0,45,86.1,-0.0518,165.1577,0,-51.2002,-0.0518
0,45,86.2,-0.0518,164.9017,0,-51.2174,-0.0518
0,45,86.3,-0.0518,164.6456,0,-51.2342,-0.0518
0,45,86.4,-0.0518,164.3896,0,-51.2505,-0.0518
0,45,86.5,-0.0518,164.1335,0,-51.2664,-0.0518
0,45,86.6,-0.0518,163.8774,0,-51.2818,-0.0518
0,45,86.7,-0.0518,163.6213,0,-51.2968,-0.0518
0,45,86.8,-0.0518,163.3652,0,-51.3114,-0.0518
0,45,86.9,-0.0518,163.109,0,-51.3255,-0.0518
0,45,87,-0.0518,162.8528,0,-51.3391,-0.0518
0,45,87.1,-0.0518,162.5965,0,-51.3523,-0.0518
0,45,87.2,-0.0518,162.3403,0,-51.3651,-0.0518
0,45,87.3,-0.0518,162.084,0,-51.3774,-0.0518
0,45,87.4,-0.0518,161.8278,0,-51.3893,-0.0518
0,45,87.5,-0.0518,161.5714,0,-51.4007,-0.0518
0,45,87.6,-0.0518,161.3151,0,-51.4117,-0.0518
0,45,87.7,-0.0518,161.0588,0,-51.4222,-0.0518
0,45,87.8,-0.0518,160.8024,0,-51.4322,-0.0518
0,45,87.9,-0.0518,160.546,0,-51.4419,-0.0518
0,45,88,-0.0518,160.2896,0,-51.451,-0.0518
0,45,88.1,-0.0518,160.0332,0,-51.4598,-0.0518
0,45,88.2,-0.0518,159.7768,0,-51.468,-0.0518
0,45,88.3,-0.0518,159.5203,0,-51.4759,-0.0518
0,45,88.4,-0.0518,159.2639,0,-51.4833,-0.0518
0,45,88.5,-0.0518,159.0074,0,-51.4902,-0.0518
0,45,88.6,-0.0518,158.7509,0,-51.4967,-0.0518
0,45,88.7,-0.0518,158.4944,0,-51.5028,-0.0518
0,45,88.8,-0.0518,158.2379,0,-51.5083,-0.0518
0,45,88.9,-0.0518,157.9814,0,-51.5135,-0.0518
0,45,89,-0.0518,157.7249,0,-51.5182,-0.0518
0,45,89.1,-0.0518,157.4684,0,-51.5224,-0.0518
0,45,89.2,-0.0518,157.2118,0,-51.5263,-0.0518
0,45,89.3,-0.0518,156.9553,0,-51.5296,-0.0518
0,45,89.4,-0.0518,156.6987,0,-51.5325,-0.0518
0,45,89.5,-0.0518,156.4422,0,-51.535,-0.0518
0,45,89.6,-0.0518,156.1857,0,-51.537,-0.0518
0,45,89.7,-0.0518,155.9291,0,-51.5386,-0.0518
0,45,89.8,-0.0518,155.6725,0,-51.5397,-0.0518
0,45,89.9,-0.0518,155.416,0,-51.5404,-0.0518
0,45,90,-0.0518,155.1594,0,-51.5406,-0.0518
